timestamp_unix,cpu_active_pct,cpu_user_pct,cpu_system_pct,cpu_iowait_pct,cpu_freq_mhz,cpu_temp_c,cpu_power_w,loadavg_1min,loadavg_5min,loadavg_15min,cpu_ctxt_switch_rate,cpu_procs_running,cpu_procs_blocked
1783606186.2744,6.0,1.5,4.5,0.0,3354.0,61.6,,1.82,2.08,2.03,5071,4,0
1783606187.2757,8.8,2.9,5.9,0.0,3354.0,61.7,,1.82,2.08,2.03,6156,3,0
1783606188.2769,11.1,6.4,4.7,0.0,3354.0,63.3,,1.82,2.08,2.03,6544,3,0
1783606189.2782,11.0,6.3,4.7,0.0,3354.0,65.1,,1.82,2.08,2.03,6168,3,0
1783606190.2795,10.8,6.4,4.3,0.1,3354.0,66.5,,1.82,2.08,2.03,6372,3,1
1783606191.2808,10.2,3.9,6.3,0.0,3354.0,63.2,,1.84,2.08,2.03,6444,3,0
1783606192.2822,11.0,6.4,4.6,0.0,3354.0,62.5,,1.84,2.08,2.03,6088,3,0
1783606193.2834,11.0,6.3,4.7,0.0,3354.0,62.9,,1.84,2.08,2.03,6069,4,0
1783606194.2846,10.5,5.4,5.1,0.0,3354.0,63.4,,1.84,2.08,2.03,6184,2,0
1783606195.2861,10.5,4.8,5.7,0.0,3354.0,63.4,,1.84,2.08,2.03,6205,3,0
1783606196.2875,10.9,6.2,4.7,0.0,3354.0,63.7,,1.85,2.07,2.03,5866,3,0
1783606197.2886,11.1,6.4,4.7,0.0,3354.0,63.9,,1.85,2.07,2.03,6059,3,0
1783606198.2901,10.1,4.7,5.4,0.0,3354.0,64.0,,1.85,2.07,2.03,6375,3,0
1783606199.2914,10.9,5.4,5.5,0.0,3354.0,64.2,,1.85,2.07,2.03,6062,3,0
1783606200.2928,10.8,6.2,4.6,0.0,3354.0,63.8,,1.85,2.07,2.03,5912,4,0
1783606201.2939,10.8,6.2,4.5,0.2,3354.0,64.4,,1.86,2.07,2.03,5755,3,0
1783606202.295,9.8,4.4,5.4,0.0,3354.0,64.0,,1.86,2.07,2.03,6105,3,0
1783606203.2964,11.1,5.8,5.3,0.0,3354.0,65.3,,1.86,2.07,2.03,6054,4,0
1783606204.2975,10.9,6.3,4.5,0.0,3354.0,66.9,,1.86,2.07,2.03,6041,3,0
1783606205.2988,11.2,6.3,4.9,0.0,3354.0,68.2,,1.86,2.07,2.03,6058,3,0
1783606206.3,9.6,3.5,6.0,0.0,3354.0,65.7,,1.88,2.07,2.03,5942,4,0
1783606207.3012,11.0,6.0,4.9,0.0,3354.0,65.1,,1.88,2.07,2.03,6289,3,0
1783606208.3025,11.2,6.4,4.7,0.0,3354.0,64.7,,1.88,2.07,2.03,6357,4,0
1783606209.3037,11.2,6.4,4.8,0.0,3354.0,64.7,,1.88,2.07,2.03,6242,4,0
1783606210.305,10.3,4.0,6.2,0.1,3354.0,65.0,,1.88,2.07,2.03,6581,4,0
1783606211.3063,12.6,8.0,4.6,0.0,3354.0,66.8,,1.89,2.07,2.03,7015,4,0
1783606212.3082,11.3,6.6,4.7,0.0,3354.0,68.2,,1.89,2.07,2.03,6702,3,0
1783606213.3093,12.9,7.7,5.2,0.0,3354.0,69.3,,1.89,2.07,2.03,7033,3,0
1783606214.3111,10.1,4.2,5.9,0.0,3354.0,66.5,,1.89,2.07,2.03,6579,3,0
1783606215.3125,11.0,6.1,4.9,0.0,3354.0,68.0,,1.89,2.07,2.03,5755,3,0
1783606216.3138,10.9,6.6,4.3,0.0,3354.0,69.1,,1.89,2.07,2.03,5877,4,0
1783606217.315,10.1,5.1,5.0,0.0,3354.0,67.2,,1.89,2.07,2.03,5947,4,0
1783606218.3161,11.0,5.4,5.6,0.0,3354.0,65.6,,1.89,2.07,2.03,6041,3,0
1783606219.3174,11.1,6.3,4.7,0.0,3354.0,65.0,,1.89,2.07,2.03,6720,3,0
1783606220.3186,11.0,6.3,4.7,0.0,3354.0,64.9,,1.89,2.07,2.03,6387,3,0
1783606221.3199,10.4,5.0,5.4,0.0,3354.0,65.0,,1.9,2.07,2.03,6254,3,0
1783606222.3211,10.7,5.7,5.0,0.0,3354.0,64.8,,1.9,2.07,2.03,5894,3,0
1783606223.3222,11.0,6.4,4.6,0.0,3354.0,64.7,,1.9,2.07,2.03,6072,3,0
1783606224.3236,10.9,6.3,4.6,0.0,3354.0,64.9,,1.9,2.07,2.03,6290,3,0
1783606225.3249,10.2,3.9,6.3,0.0,3354.0,65.3,,1.9,2.07,2.03,6523,3,0
1783606226.3259,10.9,6.2,4.6,0.0,3354.0,65.9,,1.91,2.07,2.03,6203,5,0
1783606227.3267,10.8,6.2,4.6,0.0,3354.0,65.4,,1.91,2.07,2.03,5894,5,0
1783606228.3276,10.9,6.3,4.5,0.0,3354.0,65.4,,1.91,2.07,2.03,5986,4,0
1783606229.3285,10.2,3.9,6.3,0.0,3354.0,65.4,,1.91,2.07,2.03,6576,3,0
1783606230.3298,11.0,6.5,4.5,0.0,3354.0,65.2,,1.91,2.07,2.03,6042,3,0
1783606231.3307,11.0,6.4,4.6,0.0,3354.0,65.2,,1.92,2.06,2.03,5846,3,0
1783606232.3314,10.6,5.6,4.9,0.1,3354.0,65.3,,1.92,2.06,2.03,5921,2,0
1783606233.3322,9.9,4.1,5.8,0.0,3354.0,65.6,,1.92,2.06,2.03,6337,3,0
1783606234.3331,11.0,6.4,4.6,0.0,3354.0,65.5,,1.92,2.06,2.03,6337,4,0
1783606235.3339,10.9,6.3,4.6,0.0,3354.0,65.7,,1.92,2.06,2.03,6014,4,0
1783606236.3347,10.2,5.2,5.0,0.0,3354.0,65.8,,1.93,2.06,2.03,6227,2,0
1783606237.3354,10.8,5.0,5.7,0.0,3354.0,66.6,,1.93,2.06,2.03,6415,3,0
1783606238.3362,10.7,6.2,4.5,0.0,3354.0,67.7,,1.93,2.06,2.03,6230,3,0
1783606239.3371,11.2,6.4,4.8,0.0,3354.0,69.6,,1.93,2.06,2.03,6594,3,0
1783606240.3379,10.1,4.7,5.3,0.1,3354.0,67.5,,1.93,2.06,2.03,6468,4,0
1783606241.3389,10.9,5.5,5.4,0.0,3354.0,67.6,,1.93,2.06,2.03,6327,4,0
1783606242.3396,11.1,6.4,4.7,0.0,3354.0,69.6,,1.93,2.06,2.03,6206,3,0
1783606243.3404,10.7,6.1,4.6,0.0,3354.0,70.3,,1.93,2.06,2.03,5988,3,0
1783606244.3411,9.9,4.2,5.7,0.0,3354.0,67.8,,1.93,2.06,2.03,6592,3,0
1783606245.3419,11.0,5.7,5.3,0.0,3354.0,66.5,,1.93,2.06,2.03,6324,3,0
1783606246.343,10.9,6.4,4.5,0.0,3354.0,66.0,,1.94,2.06,2.03,6169,4,0
1783606247.3438,11.0,6.3,4.7,0.0,3354.0,65.9,,1.94,2.06,2.03,5830,3,0
1783606248.3448,9.9,4.1,5.9,0.0,3354.0,65.9,,1.94,2.06,2.03,6189,3,0
1783606249.3456,11.0,6.2,4.7,0.0,3354.0,65.8,,1.94,2.06,2.03,6277,3,0
1783606250.3465,11.0,6.4,4.5,0.0,3354.0,66.3,,1.94,2.06,2.03,6182,3,0
1783606251.3474,11.1,6.3,4.7,0.0,3354.0,67.2,,2.1,2.09,2.04,6056,4,0
1783606252.3483,9.8,3.5,6.3,0.0,3354.0,65.9,,2.1,2.09,2.04,6084,3,0
1783606253.3492,10.7,6.3,4.5,0.0,3354.0,65.6,,2.1,2.09,2.04,5735,5,0
1783606254.3501,10.8,6.1,4.7,0.0,3354.0,65.6,,2.1,2.09,2.04,5779,3,0
1783606255.3508,10.8,5.6,5.1,0.0,3354.0,65.9,,2.1,2.09,2.04,5971,2,0
1783606256.3525,9.9,4.3,5.6,0.0,3354.0,67.0,,2.1,2.09,2.04,5958,4,0
1783606257.3533,11.1,6.4,4.7,0.0,3354.0,68.1,,2.1,2.09,2.04,6305,3,0
1783606258.3546,11.1,6.4,4.6,0.0,3354.0,70.0,,2.1,2.09,2.04,6212,3,0
1783606259.3559,12.7,7.5,5.2,0.0,3354.0,69.0,,2.1,2.09,2.04,7488,3,0
1783606260.357,10.9,5.3,5.6,0.0,3354.0,66.9,,2.1,2.09,2.04,6544,3,0
1783606261.3585,10.9,6.4,4.5,0.0,3354.0,66.5,,2.09,2.09,2.04,6049,3,0
1783606262.3597,11.0,6.5,4.5,0.0,3354.0,67.0,,2.09,2.09,2.04,5954,4,0
1783606263.3609,10.3,4.4,5.9,0.0,3354.0,66.2,,2.09,2.09,2.04,6087,3,0
1783606264.3623,13.1,7.9,5.1,0.0,3354.0,66.1,,2.09,2.09,2.04,7033,3,0
1783606265.3638,11.2,6.5,4.6,0.0,3354.0,67.2,,2.09,2.09,2.04,6189,4,0
1783606266.3652,10.9,6.5,4.5,0.0,3354.0,67.8,,2.16,2.1,2.04,6102,3,0
1783606267.3665,10.3,3.9,6.3,0.0,3354.0,66.4,,2.16,2.1,2.04,6479,3,0
1783606268.3678,10.9,6.3,4.6,0.0,3354.0,66.3,,2.16,2.1,2.04,6032,3,0
1783606269.3691,11.0,6.5,4.5,0.1,3354.0,66.5,,2.16,2.1,2.04,6267,3,0
1783606270.3703,10.9,6.3,4.6,0.0,3354.0,66.6,,2.16,2.1,2.04,5985,3,0
1783606271.372,10.2,3.8,6.3,0.0,3354.0,67.5,,2.39,2.15,2.06,6644,3,0
1783606272.3738,11.0,6.3,4.7,0.0,3354.0,68.4,,2.39,2.15,2.06,5888,3,0
1783606273.3754,11.0,6.4,4.5,0.0,3354.0,69.9,,2.39,2.15,2.06,5867,4,0
1783606274.3765,10.3,5.1,5.2,0.0,3354.0,69.1,,2.39,2.15,2.06,6204,2,0
1783606275.3778,10.6,4.8,5.8,0.0,3354.0,67.6,,2.39,2.15,2.06,6108,4,0
1783606276.3791,10.7,6.3,4.5,0.0,3354.0,66.6,,2.36,2.15,2.06,6037,3,0
1783606277.3811,11.0,6.4,4.7,0.0,3354.0,66.5,,2.36,2.15,2.06,6061,3,0
1783606278.3826,10.3,4.9,5.4,0.0,3354.0,66.9,,2.36,2.15,2.06,6090,4,0
1783606279.3839,11.0,5.7,5.3,0.0,3354.0,72.4,,2.36,2.15,2.06,6462,3,0
1783606280.3855,11.0,6.3,4.7,0.0,3354.0,75.4,,2.36,2.15,2.06,6049,3,0
1783606281.3868,11.0,6.4,4.6,0.0,3354.0,76.7,,2.33,2.15,2.06,6033,4,0
1783606282.3882,9.8,4.0,5.8,0.0,3354.0,72.3,,2.33,2.15,2.06,6086,3,0
1783606283.3897,10.9,6.1,4.8,0.0,3354.0,68.2,,2.33,2.15,2.06,5956,3,0
1783606284.391,11.2,6.5,4.6,0.1,3354.0,67.0,,2.33,2.15,2.06,6109,3,0
1783606285.3923,10.9,6.3,4.7,0.0,3354.0,66.4,,2.33,2.15,2.06,5945,3,0
1783606286.3936,10.3,4.0,6.2,0.0,3354.0,66.9,,2.3,2.14,2.06,6432,3,0
1783606287.3949,10.8,6.4,4.4,0.0,3354.0,68.1,,2.3,2.14,2.06,5952,3,0
1783606288.3968,11.0,6.3,4.7,0.0,3354.0,70.0,,2.3,2.14,2.06,6156,3,0
1783606289.3984,11.2,6.3,4.8,0.0,3354.0,71.2,,2.3,2.14,2.06,6578,3,0
1783606290.3998,10.4,4.4,6.0,0.0,3354.0,68.3,,2.3,2.14,2.06,6308,3,0
1783606291.401,11.0,6.3,4.7,0.0,3354.0,70.0,,2.28,2.14,2.06,5951,3,0
1783606292.4025,11.6,7.1,4.5,0.0,3354.0,71.2,,2.28,2.14,2.06,5924,10,0
1783606293.4036,10.9,5.6,5.2,0.0,3354.0,69.1,,2.28,2.14,2.06,6589,3,0
1783606294.4054,11.1,5.6,5.5,0.0,3354.0,68.9,,2.28,2.14,2.06,6331,3,0
1783606295.4071,11.1,6.4,4.6,0.0,3354.0,70.7,,2.28,2.14,2.06,6046,3,0
1783606296.4085,11.1,6.4,4.7,0.0,3354.0,71.4,,2.25,2.14,2.06,6104,3,0
1783606297.4098,9.8,4.5,5.3,0.0,3354.0,68.6,,2.25,2.14,2.06,6120,3,0
1783606298.4109,10.9,5.7,5.2,0.0,3354.0,67.2,,2.25,2.14,2.06,6220,4,0
1783606299.4123,11.1,6.3,4.8,0.1,3354.0,67.2,,2.25,2.14,2.06,6240,3,0
1783606300.4135,11.1,6.3,4.7,0.0,3354.0,66.8,,2.25,2.14,2.06,5950,3,0
1783606301.4147,14.0,7.0,6.9,0.1,3354.0,67.9,,2.23,2.14,2.06,8396,5,0
1783606302.4159,17.3,9.2,8.1,0.0,3354.0,69.0,,2.23,2.14,2.06,13878,4,0
1783606303.4172,11.6,6.5,5.1,0.0,3354.0,70.6,,2.23,2.14,2.06,6863,4,0
1783606304.4189,11.0,6.3,4.7,0.0,3354.0,71.4,,2.23,2.14,2.06,5975,3,0
1783606305.4205,10.3,4.1,6.2,0.0,3354.0,68.3,,2.23,2.14,2.06,6947,3,0
1783606306.4217,10.9,6.3,4.6,0.0,3354.0,67.5,,2.22,2.13,2.06,6219,3,0
